<code_scheme name="Default" version="173">
  <codeStyleSettings language="Dart">
    <option name="RIGHT_MARGIN" value="800" />
  </codeStyleSettings>
  <codeStyleSettings language="JSON">
    <indentOptions>
      <option name="INDENT_SIZE" value="4" />
      <option name="CONTINUATION_INDENT_SIZE" value="4" />
    </indentOptions>
  </codeStyleSettings>
  <codeStyleSettings language="Shell Script">
    <indentOptions>
      <option name="INDENT_SIZE" value="4" />
      <option name="TAB_SIZE" value="4" />
    </indentOptions>
  </codeStyleSettings>
  <codeStyleSettings language="go">
    <indentOptions>
      <option name="USE_TAB_CHARACTER" value="false" />
    </indentOptions>
  </codeStyleSettings>
</code_scheme>